customer,revenue,enter,exit
1,34.19492362200948,09:45:00,10:11:00
2,40.911096618682976,14:22:00,14:35:00
3,0,14:57:00,15:38:00
4,26.002381840662643,17:33:00,18:57:00
5,11.103516087769858,17:56:00,19:11:00
6,44.23179425327479,11:15:00,12:30:00
7,29.091931576647827,14:55:00,15:43:00
8,33.357204514514706,09:26:00,10:44:00
9,0,12:50:00,12:57:00
10,25.097279762007837,12:58:00,13:43:00
