c_id,revenue,enter,exit
1,23.298077719581414,18:41:00,19:44:00
2,21.433556720922383,08:55:00,09:49:00
3,44.861182212643286,17:37:00,19:07:00
4,57.20035523257138,11:37:00,13:28:00
5,27.62662048173289,10:27:00,11:28:00
6,21.463393719088486,12:25:00,13:20:00
7,50.801976700556395,08:48:00,10:29:00
8,28.854995564546122,08:02:00,09:00:00
9,0.6100916666468361,09:30:00,10:02:00
10,5.440922305654781,10:07:00,10:30:00
